Actual,Predicted
5.0,4.429342746734619
4.0,3.8985352516174316
4.0,4.07366418838501
3.0,3.8621702194213867
1.0,1.9028294086456299
5.0,3.4084041118621826
5.0,3.8612685203552246
4.0,4.147042274475098
4.0,3.8625268936157227
